"NM_173391.3 Mus musculus tryptophan hydroxylase 2 (Tph2), mRNA","","","","",""
"Odd probe_B2","Start","End","Even probe_B2","Start","end"
"CCTCgTAAATCCTCATCAAAAGAACCCTGGTGCTGAAGAGCAGTG","1","25","GGCAGCTGCCTGCTCGGGGCGCTGTAAATCATCCAgTAAACCgCC","28","52"
"CCTCgTAAATCCTCATCAAAGCAGAGATGAAGGAGGAACTGCAGT","53","77","GCAGGGGGGACCAGAGGGGCGGCCTAAATCATCCAgTAAACCgCC","80","104"
"CCTCgTAAATCCTCATCAAACCCGATGTAATTTTCTTTCTCAGCA","105","129","AACATCATCATTGCGGGCTGCATGGAAATCATCCAgTAAACCgCC","132","156"
"CCTCgTAAATCCTCATCAAATCTCCTGGCCCAGTATTTACTGGAA","157","181","TGGCACAGCAGAATCCAAGGACAACAAATCATCCAgTAAACCgCC","184","208"
"CCTCgTAAATCCTCATCAAAAGCTGCCAAGTAGCTGATGATCTTC","209","233","CGCTTTTGATAGCCTTATTTTGTGTAAATCATCCAgTAAACCgCC","236","260"
"CCTCgTAAATCCTCATCAAAGGCTCTTTGCCGCTTTTCTTGTCCT","261","285","CTGCTCTCTGTGGTGTCGCCTTTGCAAATCATCCAgTAAACCgCC","288","312"
"CCTCgTAAATCCTCATCAAATCCTGCACCACATTCTCAATACTTC","1509","1533","CACACTGTGTTCAAATCACTGCGCAAAATCATCCAgTAAACCgCC","1536","1560"
"CCTCgTAAATCCTCATCAAATTGGTTCATTTTATTCAAGGCATCA","1561","1585","TGGTTCTAGGCATCAAATCCCCAGAAAATCATCCAgTAAACCgCC","1588","1612"
"CCTCgTAAATCCTCATCAAACAAGAGCTCATGCTGACAATAACTC","1613","1637","CATTGACTGCATTGTTGCTACACCCAAATCATCCAgTAAACCgCC","1640","1664"
"CCTCgTAAATCCTCATCAAAACAGAAAGTTGTTGATGTTGGATAA","1665","1689","ATTGCATGCTTACTAGCCAACCATGAAATCATCCAgTAAACCgCC","1692","1716"
"CCTCgTAAATCCTCATCAAATTACACAGAGGTATGGACATACAGA","1717","1741","TCTTTAGAGCATTTTTGTGTTATTAAAATCATCCAgTAAACCgCC","1744","1768"
"CCTCgTAAATCCTCATCAAAATGGTGAGTGGTTATCTGCATGGGT","1769","1793","TGTCCAAATAGGATCACAATCTTTCAAATCATCCAgTAAACCgCC","1796","1820"
"CCTCgTAAATCCTCATCAAATCAGAAATGTCAACTCTACTTGAGA","1821","1845","TGCTTAAGTTAACAGTTTGTTCGCTAAATCATCCAgTAAACCgCC","1848","1872"
"CCTCgTAAATCCTCATCAAATGCTACAGATTTCAAAGTCACAGTT","1873","1897","ACCGACTGGAATTGTGCGAGGAATGAAATCATCCAgTAAACCgCC","1900","1924"
"CCTCgTAAATCCTCATCAAACCAAGGAAGAAAAGTTCCACAACTC","1925","1949","TAATGAACACAGAGGAAAGTCTCAGAAATCATCCAgTAAACCgCC","1952","1976"
"CCTCgTAAATCCTCATCAAAACCTCCCAACTATTTTCATTTTATC","1977","2001","ACACGGATACTATTGAAAATAGAAAAAATCATCCAgTAAACCgCC","2004","2028"
"CCTCgTAAATCCTCATCAAAGAGCAACTCTAGTTTATCTCAAATA","2029","2053","TCCTTTGTTGCTGTGATGCAAAGCGAAATCATCCAgTAAACCgCC","2056","2080"
"CCTCgTAAATCCTCATCAAAACAGCTTCTGAAGTAGAATATTAAA","2081","2105","CATCCATCCCAACTGCTGTGTTTCTAAATCATCCAgTAAACCgCC","2108","2132"
"CCTCgTAAATCCTCATCAAATTGCATTGTCTGAACACTCAGTCTA","2133","2157","ATCCTGTTTATCAAAACTTTTCTTTAAATCATCCAgTAAACCgCC","2160","2184"
"CCTCgTAAATCCTCATCAAATCAACGAGGTCAGTACAACCTATAT","2185","2209","CTTCAGGAAGCTTGCCACAAATTGGAAATCATCCAgTAAACCgCC","2212","2236"
"CCTCgTAAATCCTCATCAAAGTTCAAGTGTTTCCTTCCAGAAGCT","2237","2261","TCTGTTTAAGCTTCCCGAATATTCTAAATCATCCAgTAAACCgCC","2264","2288"
"CCTCgTAAATCCTCATCAAATCACAGTTCCAAGATTTTCATCCCT","2289","2313","ATAATTCACTCTATCCTAACAATACAAATCATCCAgTAAACCgCC","2316","2340"
"CCTCgTAAATCCTCATCAAACAAAAGGAGTCAAAAGCCTGCAGTG","2341","2365","TGTGGGATTTGAGGTTCTCAGTCTAAAATCATCCAgTAAACCgCC","2368","2392"
"CCTCgTAAATCCTCATCAAAGAATCAGAGATGGTATTTACATCCC","2393","2417","CTCTACGACTCCGTCTCCAACTCTTAAATCATCCAgTAAACCgCC","2420","2444"
"CCTCgTAAATCCTCATCAAACTAACTGAAGCAAATCCCTTTGTTT","2445","2469","TTATGACCATGGCACATCTCATCAGAAATCATCCAgTAAACCgCC","2472","2496"
"CCTCgTAAATCCTCATCAAAATGTCCAACATAAAAGGGCAGTGGC","2497","2521","GCATGTACACTACAGTAGACTTGTCAAATCATCCAgTAAACCgCC","2524","2548"
