"NM_001420099.1 Mus musculus glutamate decarboxylase 1 (Gad1), transcript variant 3, mRNA","","","","",""
"Odd probe_B1","Start","End","Even probe_B1","Start","end"
"gAggAgggCAgCAAACggAAGTACGTGCTGGGTGTCACCCCAGGG","53","77","TGGGCTGGGCTCGGCTCTGTCACAGAAgAAgAgTCTTCCTTTACg","80","104"
"gAggAgggCAgCAAACggAAATCCGGTATTTACCCACCTCGGTTC","157","181","GAGGCGGGGCTCTGGCAAGTCCGGGAAgAAgAgTCTTCCTTTACg","184","208"
"gAggAgggCAgCAAACggAACGACAGGCGCGTGCTGGTGGGGTGA","261","285","GGGAAGCACTCGGCTGTGGAAGGTGAAgAAgAgTCTTCCTTTACg","288","312"
"gAggAgggCAgCAAACggAAAATGAAATTGATAAGGGTTTCAAGA","365","389","TCACTTCAGCCCTTATGTGTCCTCCAAgAAgAgTCTTCCTTTACg","392","416"
"gAggAgggCAgCAAACggAATGCCGCTGCTACCCAGGCGCGTATC","469","493","CGCAGACTGGGCGCAGGAACAGGCTAAgAAgAgTCTTCCTTTACg","496","520"
"gAggAgggCAgCAAACggAACGAGGAGGTTGCAGGCGAAGGAGTG","573","597","GGTAGTATTAGGATCCGCTCCCGCGAAgAAgAgTCTTCCTTTACg","600","624"
"gAggAgggCAgCAAACggAACAGATCTTCAGGCCCAGTTTTCTGG","677","701","AGGCTATTGGTCCTTTGTAAGAAGCAAgAAgAgTCTTCCTTTACg","704","728"
"gAggAgggCAgCAAACggAACACTGTTTTCACAGGAAAGCAGGTT","781","805","CTGTGCGCCGGAAGCGGGCACCCTGAAgAAgAgTCTTCCTTTACg","808","832"
"gAggAgggCAgCAAACggAACAAGAACTGCGCAGTTTGCTCCTCC","885","909","GTTGAGGAGTATGTCTACCACTTCCAAgAAgAgTCTTCCTTTACg","912","936"
"gAggAgggCAgCAAACggAATGTGTCAGCTACTGACAGAGCTGTG","2402","2426","TAATTTCCTTCAGTGAGATGGCCTAAAgAAgAgTCTTCCTTTACg","2429","2453"
"gAggAgggCAgCAAACggAATAAAAAGAACATTATTTCCCCACTA","2506","2530","ATACTGTGTTTCTAATGTGCAATTTAAgAAgAgTCTTCCTTTACg","2533","2557"
"gAggAgggCAgCAAACggAACATGCTATGGTCTAGGACTAAGCCA","2610","2634","TAAGGCTAATTTCCTGGGGACGAGCAAgAAgAgTCTTCCTTTACg","2637","2661"
"gAggAgggCAgCAAACggAATAGGACACTGCAGTAGGGATACCAT","2714","2738","CCCACCAACAGCCTTTCCCTGGGTCAAgAAgAgTCTTCCTTTACg","2741","2765"
"gAggAgggCAgCAAACggAATGACATTTGTCATTTACTGGTACAT","2818","2842","CCTAGCAGGGTACTAACAGGGAGGGAAgAAgAgTCTTCCTTTACg","2845","2869"
"gAggAgggCAgCAAACggAAGCAATGTACACAGTTTACACAGATT","2922","2946","CTTCCCCCTGCCCAAAGATAGACAAAAgAAgAgTCTTCCTTTACg","2949","2973"
"gAggAgggCAgCAAACggAATGTCTCTTTAACATGGTATATATTT","3026","3050","CATTACAAATGGGAAGAAAATACAAAAgAAgAgTCTTCCTTTACg","3053","3077"
"gAggAgggCAgCAAACggAATTCTCTTTGGCTCACAAATGCACGA","3130","3154","AATGCAAATCTCACTAATTTTCATCAAgAAgAgTCTTCCTTTACg","3157","3181"
"gAggAgggCAgCAAACggAATCTATGTACAGTATCAGAATTCTTT","3234","3258","ACTGAAGCAAGATTTCCATAACATGAAgAAgAgTCTTCCTTTACg","3261","3285"
"gAggAgggCAgCAAACggAAATTATTCAACAGTTACTAGAAAAGC","3338","3362","TACAAAATTACAGGAGATCTAGTTAAAgAAgAgTCTTCCTTTACg","3365","3389"
"gAggAgggCAgCAAACggAAGTCAGTGTATCGGAGGTCTTCAGAA","3442","3466","ATGTCTTCAAAAACACTTGTGGGACAAgAAgAgTCTTCCTTTACg","3469","3493"
